{"_timestamp":1.738099956019406e+09,"_wandb":{"runtime":36},"_runtime":36.316809993,"_step":4,"train_loss":0.36752711875098093,"val_loss":25.56429100036621,"learning_rate":0.0001,"epoch":5}