{"train_loss":0.37324962871415274,"val_loss":24.27250099182129,"_wandb":{"runtime":37},"learning_rate":0.0001,"epoch":5,"_timestamp":1.7381000602324257e+09,"_runtime":36.996558551,"_step":4}