{"_step":4,"train_loss":0.7124219792229789,"val_loss":13.679250717163086,"learning_rate":0.0001,"_wandb":{"runtime":45},"epoch":5,"_timestamp":1.7381004139279435e+09,"_runtime":45.922057571}