{"epoch":5,"_timestamp":1.7380998210539966e+09,"_runtime":35.4362245,"_step":4,"train_loss":1.464174440928868,"_wandb":{"runtime":35},"val_loss":12.949769973754883,"learning_rate":0.0001}